EmployeeID,FirstName,LastName,Email,Phone
1,Krista,Silva,carlharmon@example.org,3756011631
2,Daniel,Mason,rogersdavid@example.org,9578348967
3,Gabriella,Jones,williamharris@example.org,6849758105
4,William,Lee,gloverchristina@example.net,7308174800
5,Jamie,Smith,brockmariah@example.com,6635905895
6,Jason,Cruz,cdaniel@example.org,6635905895
7,Matthew,Torres,randymartinez@example.org,6635905895
8,Steven,Gardner,timothy75@example.com,6635905895
9,Anne,Jensen,ekaufman@example.com,7308174800
10,Toni,Fleming,robert09@example.org,6635905895
11,Hunter,Carter,cooperspencer@example.com,6635905895
12,Michael,Reyes,jonkim@example.net,6635905895
13,Benjamin,Coleman,meghanwerner@example.org,6635905895
14,Yvonne,Phillips,onealkaren@example.net,7308174800
15,Tim,Nichols,hansenjudith@example.net,6635905895
16,Lori,Mullen,bensonchristine@example.net,6635905895
17,Natalie,Kent,zthomas@example.net,6635905895
18,Michelle,Page,krameramy@example.net,6635905895
19,Cheryl,Bryant,haydendonald@example.net,6635905895
20,Sean,Thomas,peggymosley@example.org,6635905895
21,Dawn,Roman,ashley06@example.org,6635905895
22,Amy,Schwartz,xmendez@example.org,7308174800
23,Barbara,Shannon,qbrown@example.net,6635905895
24,Lee,Castillo,hardinsarah@example.org,6635905895
25,Kelly,Gross,lewisvanessa@example.net,6635905895
26,Theresa,Mcgee,wbarron@example.net,6635905895
27,Cheryl,Johnson,qjohnson@example.net,6635905895
28,Michelle,Morton,staffordjessica@example.net,6635905895
29,Jeffrey,Jensen,plee@example.org,6635905895
30,David,Collins,sstanley@example.net,6635905895
31,Lisa,Moore,amymayo@example.net,6635905895
32,Megan,Montgomery,uwhite@example.net,6635905895
33,Melissa,Anderson,ronaldwest@example.org,6635905895
34,Kim,Rice,woodssean@example.net,6635905895
35,John,Cardenas,heather84@example.net,6635905895
36,Nicole,Sanchez,johnsonvictoria@example.com,6635905895
37,Vincent,Villarreal,jtrevino@example.org,6635905895
38,Hunter,Williamson,nhall@example.com,6635905895
39,Jeffrey,Jenkins,denise99@example.net,6635905895
40,Jonathan,Wells,samuel49@example.org,6635905895
41,Christopher,Burgess,melissa34@example.com,6635905895
42,Jonathan,Leon,bryan95@example.net,6635905895
43,Rebecca,Jones,jacksonjose@example.org,6635905895
44,George,Harrington,kellyherman@example.com,6635905895
45,William,Holmes,jose89@example.org,6635905895
46,Gabriel,Phillips,elizabeth46@example.net,6635905895
47,Donna,Bell,richardjones@example.org,6635905895
48,Richard,Harvey,robertschultz@example.org,6635905895
49,Linda,Vargas,amy92@example.com,6635905895
50,Jermaine,Fuentes,colleenromero@example.net,6635905895
51,Matthew,Baker,xglover@example.net,6635905895
52,Kerri,Johnson,westsamantha@example.net,6635905895
53,Courtney,Cruz,aflores@example.org,6635905895
54,Samantha,Washington,fpeters@example.org,6635905895
55,Mary,Wallace,acostajose@example.net,6635905895
56,Virginia,Jones,john28@example.net,6635905895
57,Corey,Russell,qsmith@example.net,6635905895
58,Autumn,May,andrew27@example.org,6635905895
59,Kimberly,Palmer,inixon@example.org,6635905895
60,Kerry,Pena,meltondonna@example.net,6635905895
61,Lisa,Kennedy,lisadaniels@example.org,6635905895
62,Alison,Kennedy,ann87@example.net,6635905895
63,Peter,Mullen,laurajohnson@example.com,6635905895
64,Randy,Thomas,donald52@example.net,6635905895
65,Tracey,Ferrell,granttimothy@example.net,6635905895
66,Madison,Mcclain,wilsontony@example.net,6635905895
67,Kelsey,Werner,nicholascoleman@example.com,6635905895
68,Jason,Garrett,angelaball@example.net,6635905895
69,Christopher,Leonard,alexanderevelyn@example.org,6635905895
70,Michelle,Nunez,yholt@example.com,6635905895
71,Wendy,Rowland,david72@example.org,6635905895
72,Dana,Fuller,jennifermorales@example.com,6635905895
73,Michael,Haas,timothysingh@example.org,6635905895
74,Eric,White,christopher26@example.com,6635905895
75,Derrick,Russo,uwilliams@example.com,6635905895
76,Debbie,Carter,moniqueelliott@example.org,6635905895
77,Annette,Wilson,valdezgeorge@example.net,6635905895
78,Christopher,Wagner,terrylarry@example.com,6635905895
79,Amber,Robertson,sarah29@example.org,6635905895
80,William,Holmes,harpermelissa@example.com,6635905895
81,Riley,Lopez,stephaniehill@example.com,6635905895
82,Juan,Harrington,camachomonique@example.com,6635905895
83,Laura,Hernandez,stevenlewis@example.com,6635905895
84,Michael,Davis,brendasoto@example.org,6635905895
85,Michelle,Williamson,brandon55@example.com,6635905895
86,Timothy,Flores,victorwest@example.org,6635905895
87,Amy,Greene,cle@example.org,6635905895
88,Calvin,Long,robin24@example.com,6635905895
89,Barbara,Rodriguez,irojas@example.net,6635905895
90,Christopher,Wilson,victor73@example.com,6635905895
91,Donald,Woodward,mikaylaferguson@example.com,6635905895
92,Lisa,Jones,dunnlynn@example.net,6635905895
93,Jose,Ramos,ksalazar@example.com,6635905895
94,Richard,Hernandez,zadams@example.net,6635905895
95,Theresa,Terry,rebeccadavis@example.com,6635905895
96,Tanner,Stephenson,hcooper@example.net,6635905895
97,Stephanie,Marshall,webblisa@example.com,6635905895
98,Mario,Johnson,amandacallahan@example.net,6635905895
99,Michael,Smith,sharonweaver@example.com,6635905895
100,Craig,Gardner,thompsonmargaret@example.net,6635905895
101,Tommy,White,donaldryan@example.com,6635905895
102,Sherry,Velasquez,shawnjackson@example.net,6635905895
103,Dale,Rodriguez,kristin52@example.com,6635905895
104,Elijah,Knight,jordanwalters@example.org,6635905895
105,Kristen,Garner,anthony17@example.com,6635905895
106,Alexander,Dudley,christopher34@example.com,6635905895
107,Kathryn,Hughes,williamandrews@example.net,6635905895
108,Vanessa,Miller,williampatrick@example.net,6635905895
109,Patricia,Anderson,smorgan@example.net,6635905895
110,Caleb,Solis,hrichardson@example.com,6635905895
111,Kyle,Murphy,cassiegonzalez@example.org,6635905895
112,Hunter,Flynn,elizabeth16@example.org,6635905895
113,Greg,Rodriguez,randyhudson@example.com,6635905895
114,Joshua,Lawson,jporter@example.net,6635905895
115,Frank,Scott,brandonjones@example.com,6635905895
116,Jessica,Cooper,hunterhurst@example.net,6635905895
117,Diana,Holloway,kathleenreynolds@example.org,6635905895
118,Amanda,Thompson,wwalker@example.com,6635905895
119,Chris,Johnson,vargasbrian@example.org,6635905895
120,Gabrielle,Mcdonald,lindsayturner@example.com,6635905895
121,Cristina,Collins,drowland@example.com,6635905895
122,Maria,Wong,wjones@example.org,6635905895
123,Kendra,Walker,boyderin@example.net,6635905895
124,Jason,Potter,nicolerussell@example.com,6635905895
125,Breanna,Adams,harrisjordan@example.org,6635905895
126,Kim,Obrien,danielreese@example.com,6635905895
127,Michael,Wagner,qmarshall@example.org,6635905895
128,Mark,Kirby,christopherweiss@example.com,6635905895
129,Jerry,Allison,shannon85@example.net,6635905895
130,Chloe,Green,icontreras@example.com,6635905895
131,John,Wilkins,xherrera@example.com,6635905895
132,John,Rivers,tiffany87@example.org,6635905895
133,Heather,Freeman,georgeesparza@example.net,6635905895
134,Jennifer,Mckenzie,mcclureharold@example.org,6635905895
135,George,Cruz,gsmith@example.com,6635905895
136,Robert,Thomas,fdavis@example.org,6635905895
137,Anthony,Murphy,flopez@example.org,6635905895
138,Christine,Carr,davidjohnson@example.org,6635905895
139,Rachael,Glass,jackiehuffman@example.net,6635905895
140,Kristi,Peters,kirstenwalsh@example.com,6635905895
141,Maria,Anderson,eblevins@example.net,6635905895
142,Michele,Hill,gonzalezsavannah@example.org,6635905895
143,Ronald,Jones,morsekarina@example.com,6635905895
144,Ryan,Farmer,kimberly04@example.net,6635905895
145,James,Rivera,jeffreysmith@example.org,6635905895
146,James,Davis,jessica75@example.org,6635905895
147,Kathryn,Martin,sandramitchell@example.org,6635905895
148,Emily,Smith,xmccarty@example.net,6635905895
149,Christopher,Jones,sharon00@example.net,6635905895
150,Jack,Allen,kweaver@example.com,6635905895
151,Nicole,Warner,katiemitchell@example.net,6635905895
152,Gwendolyn,Church,danielweeks@example.com,6635905895
153,Heather,Green,iwebster@example.org,6635905895
154,Julie,Jones,jgordon@example.org,6635905895
155,Diane,Nelson,annacolon@example.org,6635905895
156,Kyle,Nixon,shawn48@example.com,6635905895
157,Deanna,Knapp,lori67@example.org,6635905895
158,Kevin,Pena,bryan83@example.org,6635905895
159,Zachary,Daniel,grahamsteve@example.com,6635905895
160,John,Norton,bradleyerik@example.org,6635905895
161,Christopher,Warner,jeremiahcox@example.org,6635905895
162,Andrea,Pacheco,jmorgan@example.net,6635905895
163,Jeremy,Stevens,kramerjoshua@example.org,6635905895
164,Autumn,Davis,cherylthomas@example.org,6635905895
165,Steven,Juarez,pam54@example.org,6635905895
166,Danielle,Gutierrez,sjackson@example.com,6635905895
167,Michelle,Dunlap,barrettcody@example.net,6635905895
168,Kimberly,Floyd,elizabethjordan@example.net,6635905895
169,Brandi,Bennett,mjones@example.net,6635905895
170,Karen,Wallace,brittanybrown@example.org,6635905895
171,Molly,Webster,michaelmason@example.org,6635905895
172,Richard,Davis,michaelsullivan@example.net,6635905895
173,Ana,Johnson,bruce17@example.net,6635905895
174,Bradley,Buckley,gmata@example.org,6635905895
175,Megan,Davis,stewartlisa@example.org,6635905895
176,Emily,Harrington,matthewgarcia@example.org,6635905895
177,Elizabeth,Hansen,wellsnancy@example.org,6635905895
178,Ryan,Douglas,croberson@example.com,6635905895
179,Jenna,George,moralesglenn@example.com,6635905895
180,Emily,Mendez,james34@example.com,6635905895
181,Jeremy,Holmes,christophermanning@example.org,6635905895
182,Kristin,Duncan,alisonespinoza@example.com,6635905895
183,Dustin,Bradley,nathan32@example.org,6635905895
184,Joseph,Deleon,thomas39@example.org,6635905895
185,Dylan,Anderson,flane@example.com,6635905895
186,Anthony,Mills,kennethaguirre@example.com,6635905895
187,Kim,Ayala,millerdaniel@example.net,6635905895
188,James,Perez,aflowers@example.net,6635905895
189,Tyler,Garcia,samanthaperry@example.com,6635905895
190,Susan,Brewer,natalie06@example.com,6635905895
191,Michelle,Davila,dwashington@example.org,6635905895
192,Amanda,Lester,heathersanchez@example.org,6635905895
193,Alicia,Richardson,uyoung@example.org,6635905895
194,Jason,Kelly,vvega@example.com,6635905895
195,Cynthia,Lamb,currypaul@example.org,6635905895
196,John,Gonzales,amber00@example.net,6635905895
197,Melanie,Koch,michelleshields@example.net,6635905895
198,Christopher,Perez,ryandavis@example.com,6635905895
199,Jennifer,Hull,bbaker@example.org,6635905895
200,Christopher,Allen,gonzalezantonio@example.com,6635905895
201,Rebecca,Cochran,craigtaylor@example.net,6635905895
202,Natasha,Rodriguez,walkernancy@example.com,6635905895
203,Nichole,Campbell,teresa03@example.org,6635905895
204,Sandra,Rice,brandy30@example.org,6635905895
205,Rebecca,Richards,dvargas@example.org,6635905895
206,Rhonda,Walsh,laurapennington@example.net,6635905895
207,Richard,Hall,tberger@example.net,6635905895
208,Dustin,Jackson,cdavis@example.org,6635905895
209,Travis,West,matthew16@example.org,6635905895
210,Richard,Martin,edwardrivera@example.com,6635905895
211,Andrew,Hamilton,lelliott@example.org,6635905895
212,Kimberly,Shepard,melissa97@example.com,6635905895
213,Sean,Chen,john90@example.net,6635905895
214,Amy,Newton,scole@example.org,6635905895
215,Jesus,Garza,adamvelasquez@example.com,6635905895
216,Richard,Poole,michaelfernandez@example.com,6635905895
217,Thomas,Ward,jim82@example.net,6635905895
218,Tammy,Blackburn,jacobpowell@example.com,6635905895
219,Robert,Taylor,jamessavannah@example.com,6635905895
220,Brian,Sutton,lawrencegreen@example.net,6635905895
221,Tina,Bishop,courtneyanderson@example.com,6635905895
222,Adam,Larsen,ayoder@example.org,6635905895
223,Tracy,Anderson,kevin58@example.org,6635905895
224,Kevin,Davidson,mweaver@example.org,6635905895
225,Bailey,Hunt,iwest@example.net,6635905895
226,James,Jackson,williamselizabeth@example.org,6635905895
227,Michele,Archer,hallgwendolyn@example.net,6635905895
228,Chad,Griffin,xmoore@example.com,6635905895
229,Scott,Buckley,danagarcia@example.com,6635905895
230,Christopher,Davis,laura62@example.org,6635905895
231,Kristina,Wilson,dlove@example.com,6635905895
232,Tiffany,Anderson,vorr@example.com,6635905895
233,Cynthia,Smith,margaretmitchell@example.org,6635905895
234,Jeremy,Waters,rogerscorey@example.net,6635905895
235,Morgan,Tyler,tyler68@example.net,6635905895
236,Latoya,Farley,smithronald@example.com,6635905895
237,Mariah,Smith,clairebaker@example.net,6635905895
238,Michael,Mills,andrewwells@example.org,6635905895
239,Ricky,Pugh,davidkline@example.com,6635905895
240,Eric,Le,michael66@example.com,6635905895
241,Melissa,Martinez,aburns@example.net,6635905895
242,Meghan,Johnson,tylercarter@example.com,6635905895
243,James,Gilbert,obrienashley@example.com,6635905895
244,James,Lyons,coopercrystal@example.com,6635905895
245,Nicole,Yu,stevenjackson@example.org,6635905895
246,Heather,Bradley,aaronmunoz@example.com,6635905895
247,Benjamin,Martinez,melissa22@example.org,6635905895
248,Daniel,Clark,susan89@example.com,6635905895
249,Mark,Jackson,randallmichael@example.net,6635905895
250,Christopher,Daniel,fergusonlinda@example.net,6635905895
251,Keith,Johnson,valeriepowell@example.net,6635905895
252,Heather,French,jamesharris@example.org,6635905895
253,Amy,Lewis,bstevens@example.com,6635905895
254,Donald,Hernandez,fowleralexandra@example.com,6635905895
255,Cheryl,Cunningham,martinezangie@example.org,6635905895
256,Melissa,Aguirre,karenkaiser@example.com,6635905895
257,Ariana,Carney,gphillips@example.org,6635905895
258,Joshua,Lyons,dylan05@example.org,6635905895
259,Tracy,Martin,gsantiago@example.net,6635905895
260,Shannon,Morgan,josephlin@example.net,6635905895
261,Phillip,Trujillo,lgalvan@example.com,6635905895
262,Erica,Thompson,ulang@example.org,6635905895
263,Margaret,Osborn,ywarner@example.net,6635905895
264,Mariah,Holmes,petermoreno@example.net,6635905895
265,Angela,Walker,travissmith@example.org,6635905895
266,Jesse,Padilla,kari06@example.net,6635905895
267,Stephen,Garcia,darrellperkins@example.org,6635905895
268,Nicole,Lee,michelle35@example.com,6635905895
269,Amy,Jarvis,alicia95@example.com,6635905895
270,Betty,Burgess,hsmith@example.org,6635905895
271,Taylor,Gross,zfrench@example.com,6635905895
272,Michael,Montes,ellen24@example.org,6635905895
273,Crystal,Villanueva,robinalexander@example.org,6635905895
274,Joseph,Hatfield,james55@example.com,6635905895
275,Richard,Bowen,david83@example.com,6635905895
276,Linda,Giles,mary71@example.com,6635905895
277,Michaela,Jones,shane24@example.net,6635905895
278,Alex,Clarke,moralesbeth@example.net,6635905895
279,Scott,Smith,zstrong@example.net,6635905895
280,Heather,Nguyen,phenderson@example.com,6635905895
281,Robert,Wright,jonesmelissa@example.org,6635905895
282,Nancy,Ochoa,mcfarlandchristopher@example.net,6635905895
283,Devin,Brown,staceyjennings@example.com,6635905895
284,Victoria,Smith,perezcurtis@example.net,6635905895
285,Melissa,Perkins,emadden@example.com,6635905895
286,Aaron,Riley,carrann@example.com,6635905895
287,Jacob,Sullivan,ashley76@example.org,6635905895
288,Shawn,Wallace,ismith@example.com,6635905895
289,Stephen,Wilson,davidrodriguez@example.com,6635905895
290,Cory,Friedman,karennichols@example.org,6635905895
291,Kelly,Perez,randall02@example.com,6635905895
292,Lauren,Reed,harrisonjoseph@example.com,6635905895
293,Michael,Dennis,fordchristopher@example.com,6635905895
294,Erika,Reyes,carpenterdaniel@example.org,6635905895
295,Theresa,Powell,stephanie81@example.net,6635905895
296,Andrew,Nguyen,jamielozano@example.com,6635905895
297,James,Rios,rgarcia@example.com,6635905895
298,Trevor,Reynolds,louisalexander@example.net,6635905895
299,Sandra,Robertson,mwhite@example.com,6635905895
300,April,Moreno,ericlee@example.net,6635905895
301,Courtney,Waters,johnfitzpatrick@example.com,6635905895
302,Megan,Ramirez,benjamin81@example.net,6635905895
303,William,Rivera,mossalyssa@example.org,6635905895
304,Aaron,Jackson,catherine01@example.com,6635905895
305,Joe,Lee,smithchristine@example.org,6635905895
306,Carmen,Stephens,omartin@example.net,6635905895
307,Linda,Robinson,hclay@example.net,6635905895
308,Adam,Sullivan,jacob50@example.com,6635905895
309,Kristin,Obrien,gross@example.com,6635905895
310,Debra,Bell,joshuacoleman@example.net,6635905895
311,Sharon,Johnson,whitejudith@example.com,6635905895
312,Elizabeth,Blevins,kingjoshua@example.org,6635905895
313,Karen,Macias,jonesmarc@example.org,6635905895
314,Jeanette,Coleman,robinlopez@example.com,6635905895
315,Dustin,Weaver,nmendoza@example.net,6635905895
316,Gregory,Roberts,rodriguezstephanie@example.net,6635905895
317,Mary,Mitchell,bianca37@example.com,6635905895
318,Matthew,Wheeler,brandon49@example.net,6635905895
319,Jennifer,Roberts,michelle76@example.net,6635905895
320,Destiny,Swanson,charlesmorgan@example.com,6635905895
321,Michelle,Mcfarland,rcastro@example.org,6635905895
322,Donna,Smith,georgeheather@example.net,6635905895
323,Edward,Phelps,brownregina@example.com,6635905895
324,David,Simmons,carrie73@example.com,6635905895
325,Nathan,Tyler,zhangkenneth@example.org,6635905895
326,Joy,Quinn,brittney66@example.net,6635905895
327,Robert,Haas,debbiefox@example.net,6635905895
328,Kevin,Moore,gentryjudy@example.com,6635905895
329,George,Yu,flowersnicolas@example.net,6635905895
330,Ashley,Higgins,herrerawilliam@example.net,6635905895
331,Wendy,Holland,james95@example.net,6635905895
332,Jenna,Chase,fsanders@example.com,6635905895
333,Adam,Cooper,philipcooper@example.net,6635905895
334,David,Sanders,kaitlyngates@example.net,6635905895
335,Nicole,Byrd,jacquelineabbott@example.org,6635905895
336,Michael,Bates,rdrake@example.net,6635905895
337,Eric,Blake,charles27@example.org,6635905895
338,Brent,Mcguire,jacksoncassandra@example.com,6635905895
339,Miranda,Elliott,morganjames@example.net,6635905895
340,Kevin,Howard,amanda59@example.org,6635905895
341,Tyler,Owens,fharris@example.com,6635905895
342,David,Bartlett,sierraespinoza@example.com,6635905895
343,Sarah,Johnson,brucejohnson@example.org,6635905895
344,Ariel,Williams,masonsarah@example.com,6635905895
345,James,Nelson,floresmanuel@example.org,6635905895
346,Mary,Dillon,davidwilliams@example.net,6635905895
347,David,Moreno,agray@example.org,6635905895
348,Melinda,Stafford,josephcole@example.com,6635905895
349,Glenn,Murphy,jorgedunn@example.com,6635905895
350,Jessica,Kim,christopher68@example.org,6635905895
351,Kelsey,Jimenez,linda73@example.com,6635905895
352,Amber,Thomas,isaac91@example.org,6635905895
353,Michael,Webster,isaacenglish@example.com,6635905895
354,Kari,Walker,wilsonrichard@example.com,6635905895
355,Caitlyn,Herrera,efranklin@example.com,6635905895
356,Kenneth,Brown,williamgomez@example.net,6635905895
357,Joseph,Carey,patrick45@example.net,6635905895
358,Renee,Briggs,simpsonbrian@example.org,6635905895
359,Noah,Barry,qrodgers@example.net,6635905895
360,Madeline,Hunt,parellano@example.com,6635905895
361,Eric,Bond,anna97@example.org,6635905895
362,Luis,Hicks,ramosbrandon@example.com,6635905895
363,Joseph,Murphy,hlin@example.net,6635905895
364,Aaron,Dorsey,jhayes@example.net,6635905895
365,Angela,Shaw,qjones@example.net,6635905895
366,Dana,Shaw,rodriguezgary@example.net,6635905895
367,Ethan,Wise,davidwood@example.org,6635905895
368,Allison,Jenkins,perryklein@example.net,6635905895
369,Kristine,White,nroman@example.net,6635905895
370,Aaron,Hughes,cgreene@example.org,6635905895
371,Patricia,Fuller,ghuynh@example.com,6635905895
372,Kristin,Mendez,howelldavid@example.com,6635905895
373,Ann,Cain,jason07@example.net,6635905895
374,Philip,Deleon,pamelaroberts@example.com,6635905895
375,Emily,Michael,ryandawson@example.net,6635905895
376,Kyle,Hughes,shane89@example.com,6635905895
377,Joseph,Johnson,lisaanderson@example.net,6635905895
378,Mandy,Wyatt,uberry@example.com,6635905895
379,Steven,Johnson,charles48@example.org,6635905895
380,Philip,Hamilton,zbryant@example.org,6635905895
381,Mike,Kline,aliciasimpson@example.net,6635905895
382,Michael,Castaneda,aaron48@example.com,6635905895
383,Craig,Contreras,qcastillo@example.org,6635905895
384,Joshua,Bailey,pcooke@example.com,6635905895
385,Samantha,Perez,heather32@example.com,6635905895
386,Jeffrey,Johnson,hanseneddie@example.com,6635905895
387,Michele,Taylor,ismith@example.com,6635905895
388,Sean,Smith,ljoseph@example.net,6635905895
389,Caitlin,Rodriguez,ryan47@example.net,6635905895
390,Kyle,Harris,yacosta@example.com,6635905895
391,Courtney,Jenkins,timothy33@example.org,6635905895
392,Elizabeth,Johnson,johnfreeman@example.com,6635905895
393,David,Brewer,ibrown@example.com,6635905895
394,Danielle,Anderson,linda14@example.net,6635905895
395,Tanya,Reese,darren05@example.org,6635905895
396,Kevin,Daugherty,michele35@example.net,6635905895
397,Sarah,Hogan,randyboyle@example.org,6635905895
398,David,Lam,anitamcdonald@example.net,6635905895
399,Angela,Young,martintaylor@example.org,6635905895
400,Courtney,Torres,iwebster@example.com,6635905895
401,Matthew,Flowers,xrodriguez@example.org,6635905895
402,James,Adams,marthawashington@example.org,6635905895
403,Samuel,Short,sgarcia@example.com,6635905895
404,Deborah,Hughes,whaley@example.org,6635905895
405,Sara,Barber,odonnelldonald@example.org,6635905895
406,Kathleen,Washington,bharris@example.org,6635905895
407,Patricia,Martinez,amy37@example.com,6635905895
408,Laura,Jenkins,ramirezeric@example.com,6635905895
409,Christopher,White,lorimiller@example.org,6635905895
410,Leah,Lewis,wandersen@example.net,6635905895
411,Dennis,Hall,gravesnicole@example.com,6635905895
412,Kimberly,Ramos,deanomar@example.net,6635905895
413,Aaron,Hall,harveyjoseph@example.net,6635905895
414,Amy,Snyder,frenchsherri@example.org,6635905895
415,Juan,Johnson,wnelson@example.org,6635905895
416,Kevin,Smith,philipcameron@example.net,6635905895
417,Martha,Sanders,marilynlee@example.com,6635905895
418,Adam,Baxter,zclark@example.net,6635905895
419,Renee,Weaver,hjohnson@example.com,6635905895
420,Eric,Cox,jenniferlee@example.net,6635905895
421,Michael,Hartman,cheryljohnson@example.com,6635905895
422,Jeremy,Lewis,tammiemoore@example.com,6635905895
423,Nathan,Sanders,sheri21@example.org,6635905895
424,Gregory,Thomas,mcintyrebrittany@example.org,6635905895
425,Vanessa,White,brian07@example.org,6635905895
426,Noah,Padilla,kkeller@example.org,6635905895
427,Diane,Drake,brittany44@example.com,6635905895
428,Whitney,Wilson,woodvincent@example.org,6635905895
429,Jeffrey,Wall,torresdawn@example.org,6635905895
430,Kyle,Scott,travis63@example.net,6635905895
431,Matthew,King,kennethflowers@example.net,6635905895
432,Carol,Williams,petergates@example.net,6635905895
433,Angela,Reeves,lbutler@example.net,6635905895
434,Javier,Bates,uhansen@example.net,6635905895
435,Cynthia,Torres,kathleen20@example.com,6635905895
436,Leslie,Short,brian59@example.net,6635905895
437,Tony,Price,lauradavid@example.net,6635905895
438,Crystal,Bowman,matthew98@example.org,6635905895
439,Jason,Reid,emma65@example.com,6635905895
440,Daniel,Garcia,jennifer09@example.com,6635905895
441,Pedro,Roberts,sshaw@example.net,6635905895
442,Joseph,Boyd,robertsjeanette@example.com,6635905895
443,Tiffany,Davies,kristina04@example.org,6635905895
444,Christopher,Harper,andrewilliams@example.com,6635905895
445,Caitlin,Miller,rivasmark@example.net,6635905895
446,Frank,Moyer,sho@example.net,6635905895
447,Rebecca,Adams,kimberlydaniels@example.org,6635905895
448,Charles,Pierce,ymcmahon@example.net,6635905895
449,Justin,Ryan,kyle90@example.com,6635905895
450,Charles,Blanchard,thomasteresa@example.net,6635905895
451,Kyle,Melendez,johnbond@example.org,6635905895
452,Joel,Jones,samantha02@example.com,6635905895
453,Anthony,Rodriguez,tonycruz@example.org,6635905895
454,Amy,Stewart,zacharyday@example.net,6635905895
455,Zachary,Stephens,emily95@example.net,6635905895
456,Lisa,Payne,joel70@example.com,6635905895
457,Rebecca,Wise,molly13@example.com,6635905895
458,Christine,Howard,mooretiffany@example.net,6635905895
459,Rhonda,Wood,franklin02@example.org,6635905895
460,Peggy,Meyer,ufletcher@example.com,6635905895
461,Preston,Smith,dnewman@example.com,6635905895
462,Luke,Maddox,ssimmons@example.net,6635905895
463,Beth,Gilbert,jasmine82@example.net,6635905895
464,Katherine,Faulkner,kserrano@example.com,6635905895
465,Rebecca,Walters,kennethchavez@example.org,6635905895
466,Logan,Bell,ycarter@example.net,6635905895
467,Michele,Hopkins,grayjennifer@example.net,6635905895
468,Katherine,Snyder,skidd@example.org,6635905895
469,Justin,Brown,cjohnson@example.net,6635905895
470,Brenda,Thompson,andrew53@example.com,6635905895
471,David,Baker,andreadavis@example.org,6635905895
472,Matthew,Jones,elaineweeks@example.com,6635905895
473,Jill,Wood,jacksontroy@example.net,6635905895
474,Kenneth,Anderson,joelkeller@example.org,6635905895
475,Roberta,Flores,lisasnyder@example.net,6635905895
476,Scott,Shannon,jimenezlaura@example.org,6635905895
477,Matthew,Mitchell,natashaking@example.com,6635905895
478,Eric,Patton,wcook@example.com,6635905895
479,Amanda,Smith,christine22@example.org,6635905895
480,Jessica,Hahn,carrie31@example.org,6635905895
481,Melanie,Graham,sarahrodriguez@example.com,6635905895
482,Anthony,Foster,kelly92@example.com,6635905895
483,Patricia,Thomas,wperez@example.org,6635905895
484,Amanda,Hall,crystal23@example.net,6635905895
485,Yesenia,Smith,angela30@example.org,6635905895
486,Susan,Pitts,washingtondavid@example.net,6635905895
487,Derek,Green,andreaking@example.com,6635905895
488,Kristi,Murphy,tristan48@example.org,6635905895
489,James,Garner,jonesmark@example.org,6635905895
490,Steven,Hawkins,gloria21@example.org,6635905895
491,Meghan,Allen,abigaillewis@example.net,6635905895
492,Jason,Sims,laurareynolds@example.net,6635905895
493,Collin,Jimenez,yhill@example.com,6635905895
494,Matthew,Campos,waynekim@example.org,6635905895
495,John,Dennis,fcarson@example.net,6635905895
496,Rachel,Perez,emily09@example.net,6635905895
497,Jacob,Maldonado,zmcintosh@example.org,6635905895
498,Kenneth,Cox,michaellopez@example.com,6635905895
499,Melissa,House,aaronmurphy@example.com,6635905895
500,Shawn,Reed,wlove@example.org,6635905895
501,Jennifer,Phillips,dscott@example.org,6635905895
502,Melissa,Brewer,herrerarobert@example.net,6635905895
503,Brianna,Thomas,kayla03@example.com,6635905895
504,James,Baker,hstevens@example.com,6635905895
505,William,Clay,laura89@example.org,6635905895
506,Danielle,Steele,sherylmiller@example.org,6635905895
507,Scott,Smith,debrabender@example.net,6635905895
508,Carrie,Owens,johnritter@example.net,6635905895
509,Christian,Wright,jessicabailey@example.net,6635905895
510,Kathy,Higgins,nicholasgreen@example.net,6635905895
511,Michael,Smith,judy52@example.com,6635905895
512,Teresa,Clark,susanpugh@example.org,6635905895
513,Jessica,Werner,jeffrey99@example.com,6635905895
514,Lisa,Ramos,jasonmiller@example.com,6635905895
515,Dawn,Esparza,coltonturner@example.org,6635905895
516,Brittney,Nelson,bdelgado@example.com,6635905895
517,Cory,Nichols,kperez@example.com,6635905895
518,Samuel,Brooks,alison80@example.com,6635905895
519,Brianna,Bernard,james14@example.com,6635905895
520,Jennifer,Fox,mccarthyteresa@example.org,6635905895
521,Steven,Hansen,randythompson@example.net,6635905895
522,Shannon,Rivas,samantha40@example.org,6635905895
523,Jeffrey,Kelly,jason96@example.net,6635905895
524,Nancy,Johnson,anthonywright@example.org,6635905895
525,Kristy,Kane,melissa38@example.com,6635905895
526,Maria,Jimenez,williamsdavid@example.org,6635905895
527,Kyle,Pearson,rachelferguson@example.net,6635905895
528,James,Morales,amyenglish@example.org,6635905895
529,Bryan,Holloway,lwells@example.com,6635905895
530,James,Wang,josephsmith@example.org,6635905895
531,Emily,Solis,adam11@example.net,6635905895
532,Robert,Houston,marias@example.net,6635905895
533,Jamie,Davis,smithmichelle@example.com,6635905895
534,James,Flores,rebekah10@example.net,6635905895
535,Dawn,West,ibullock@example.com,6635905895
536,David,Webster,stevenwhite@example.org,6635905895
537,Michael,Gray,crawfordrobert@example.org,6635905895
538,Andrew,Allen,byrdcasey@example.net,6635905895
539,Samantha,Perez,anthony56@example.com,6635905895
540,Steven,Allen,caldwellbrittany@example.com,6635905895
541,Samuel,Price,jennifer32@example.com,6635905895
542,Kimberly,Pratt,jose13@example.net,6635905895
543,William,Harrington,leenatasha@example.net,6635905895
544,Benjamin,Guerrero,simsjohn@example.com,6635905895
545,Tiffany,Bush,isabel09@example.com,6635905895
546,Philip,Freeman,fwalker@example.org,6635905895
547,Teresa,Hernandez,lisamoran@example.com,6635905895
548,Nancy,Keller,brooksmonica@example.org,6635905895
549,Michael,Garza,cookpatricia@example.com,6635905895
550,Brian,Gutierrez,courtney75@example.net,6635905895
551,Alexander,Humphrey,destinydecker@example.com,6635905895
552,David,Thompson,wigginslisa@example.org,6635905895
553,Victoria,Mitchell,burgesssamantha@example.com,6635905895
554,Kristina,West,twade@example.org,6635905895
555,Daniel,Davis,bautistakristin@example.net,6635905895
556,Kristie,Burns,randallpeters@example.com,6635905895
557,Gregory,Thomas,wfrazier@example.org,6635905895
558,Kevin,Hill,johnsonpamela@example.net,6635905895
559,Daniel,Saunders,tristancook@example.org,6635905895
560,Phillip,Murphy,susan96@example.org,6635905895
561,Lisa,Reed,andersonbruce@example.org,6635905895
562,Kimberly,Clark,smithkenneth@example.net,6635905895
563,Timothy,Brown,martinmichael@example.net,6635905895
564,Donald,Washington,owallace@example.com,6635905895
565,Rebecca,James,sarah97@example.org,6635905895
566,Christina,Bautista,mariamiller@example.com,6635905895
567,Kimberly,Smith,danarivas@example.org,6635905895
568,Jamie,Carey,martinezapril@example.net,6635905895
569,Kylie,Torres,charleswhite@example.org,6635905895
570,Jennifer,Smith,qespinoza@example.org,6635905895
571,Stephanie,Mcguire,nicholasduncan@example.com,6635905895
572,Christopher,Johnson,mary60@example.com,6635905895
573,Michael,Hoover,jacquelinereese@example.org,6635905895
574,Mark,Wilson,christopherchavez@example.com,6635905895
575,Garrett,Murphy,mollydavis@example.net,6635905895
576,Norma,Moore,allenstokes@example.net,6635905895
577,Emily,Watson,vhayes@example.org,6635905895
578,Cindy,Kelley,chodge@example.net,6635905895
579,Melissa,Hayden,willismark@example.net,6635905895
580,Michael,Brown,victorbush@example.org,6635905895
581,Kiara,Olson,jessicajones@example.com,6635905895
582,Lisa,Stuart,zmahoney@example.org,6635905895
583,Kenneth,Reyes,melanie25@example.net,6635905895
584,Jennifer,Davis,ekennedy@example.com,6635905895
585,Ryan,Huff,brooksmatthew@example.com,6635905895
586,Jason,Waller,awest@example.com,6635905895
587,James,Mccarty,fking@example.org,6635905895
588,Ashley,Edwards,barry79@example.net,6635905895
589,Harold,Holt,dawnstewart@example.org,6635905895
590,Russell,Warner,andreagates@example.com,6635905895
591,Robin,Phillips,martinrodriguez@example.net,6635905895
592,Richard,Perez,mary81@example.org,6635905895
593,James,Mullins,timothycastillo@example.net,6635905895
594,Bob,Lin,susansolis@example.net,6635905895
595,Amanda,Randall,edward94@example.net,6635905895
596,Michelle,Roth,davidshaw@example.net,6635905895
597,Alexandra,Moore,clynch@example.com,6635905895
598,Steve,Jackson,ugibson@example.com,6635905895
599,Colleen,Russell,brooksstephanie@example.net,6635905895
600,Larry,Porter,erika72@example.org,6635905895
601,Daniel,Turner,csmith@example.com,6635905895
602,Kristen,Oconnor,mduke@example.net,6635905895
603,Susan,David,paul80@example.net,6635905895
604,John,Hendricks,aperez@example.com,6635905895
605,Mitchell,Meyer,daniellewest@example.net,6635905895
606,Lindsey,Cervantes,matthew15@example.com,6635905895
607,Jose,Davis,alexander40@example.net,6635905895
608,Catherine,Stout,wallacerobert@example.net,6635905895
609,Susan,Henderson,thomasamanda@example.com,6635905895
610,William,Medina,sarah88@example.net,6635905895
611,Rachel,Hamilton,tammyandersen@example.com,6635905895
612,Joshua,Orozco,aprilmassey@example.org,6635905895
613,Mario,Nielsen,mendozatanner@example.com,6635905895
614,Steven,Vasquez,daniel01@example.net,6635905895
615,Angelica,Morris,wanda04@example.com,6635905895
616,Andrew,Benson,stokeskylie@example.org,6635905895
617,Donna,Garcia,clarkamanda@example.com,6635905895
618,Kaitlyn,Gray,ronaldhuff@example.net,6635905895
619,Tammy,Jacobs,lee06@example.com,6635905895
620,Rebecca,Ross,eharris@example.com,6635905895
621,Alexis,Rodriguez,susannewton@example.com,6635905895
622,Robert,Brown,rebeccajackson@example.com,6635905895
623,David,Scott,adavis@example.net,6635905895
624,Jose,Ramirez,chelseajohnson@example.net,6635905895
625,Sheila,Davis,daydaniel@example.com,6635905895
626,Kristina,Charles,taylorneal@example.net,6635905895
627,Alan,Russell,thomaswall@example.net,6635905895
628,Robert,Villarreal,salazartodd@example.com,6635905895
629,Donald,Chang,michaelsmith@example.com,6635905895
630,Bobby,Jones,jmcclure@example.org,6635905895
631,Paul,Kaiser,mary72@example.net,6635905895
632,Brittany,Smith,perkinsraymond@example.com,6635905895
633,Danny,Anderson,kathleenmedina@example.org,6635905895
634,Amanda,Hernandez,smartinez@example.net,6635905895
635,Andrew,Maddox,vjohns@example.org,6635905895
636,David,West,edward48@example.com,6635905895
637,George,Baker,mark90@example.com,6635905895
638,Deborah,Fernandez,sharon79@example.org,6635905895
639,Jamie,Butler,malloryhodge@example.com,6635905895
640,Erin,Collins,david14@example.net,6635905895
641,Michael,Mitchell,taylortracey@example.com,6635905895
642,Samantha,Weaver,doris03@example.org,6635905895
643,Richard,Hendricks,elizabeth35@example.org,6635905895
644,Patricia,Diaz,scott66@example.org,6635905895
645,Kayla,Miller,vphillips@example.net,6635905895
646,Angela,Chambers,ambermiles@example.net,6635905895
647,Ricky,Johnson,crogers@example.org,6635905895
648,William,Moran,marvin69@example.org,6635905895
649,Benjamin,Estrada,wilsonchristopher@example.org,6635905895
650,Jason,Tucker,jmcdonald@example.com,6635905895
651,Robert,Downs,bdouglas@example.com,6635905895
652,Cynthia,Thompson,xmcclain@example.org,6635905895
653,Samantha,Owen,donovanjonathan@example.com,6635905895
654,Brooke,Manning,jonathan31@example.org,6635905895
655,Brian,Lyons,barryluna@example.org,6635905895
656,Jason,Martin,marymunoz@example.org,6635905895
657,David,Blair,campbellnicholas@example.net,6635905895
658,Jessica,Salas,sarajones@example.net,6635905895
659,Alyssa,Carpenter,christine10@example.com,6635905895
660,Danielle,Arnold,emmamolina@example.com,6635905895
661,Nancy,Harrington,jfuller@example.org,6635905895
662,Jessica,Lopez,jacob20@example.net,6635905895
663,David,Paul,thompsonbrooke@example.net,6635905895
664,James,Richards,kleinsara@example.com,6635905895
665,Brandon,Davis,toddgonzalez@example.com,6635905895
666,Juan,Tapia,rhonda87@example.org,6635905895
667,Sharon,Shepherd,smithnatalie@example.com,6635905895
668,James,Richard,markwhite@example.org,6635905895
669,Hannah,Hayden,alex34@example.net,6635905895
670,Michael,Miranda,wagnermelissa@example.org,6635905895
671,Tracy,Hartman,hharvey@example.org,6635905895
672,Carla,Vang,wbell@example.com,6635905895
673,David,Howell,cwilson@example.net,6635905895
674,Steven,Giles,gtravis@example.org,6635905895
675,Lawrence,Baker,davidcarroll@example.com,6635905895
676,Andrea,Pearson,garrettmorris@example.com,6635905895
677,Lisa,Mitchell,catherine25@example.org,6635905895
678,Charles,Wilson,carterelaine@example.net,6635905895
679,Pamela,Camacho,adamsjeffrey@example.net,6635905895
680,Frank,Williams,jennifer77@example.net,6635905895
681,Marvin,Wolf,rodriguezsherry@example.org,6635905895
682,Randy,Kelly,sbarnes@example.com,6635905895
683,Jason,Johnson,sheilabarton@example.com,6635905895
684,Holly,Peterson,holmesrebecca@example.com,6635905895
685,Lauren,Bailey,robbinspatrick@example.com,6635905895
686,William,Hays,james26@example.net,6635905895
687,Brandon,Black,alexanderdeleon@example.com,6635905895
688,Andrew,Rogers,lnewman@example.com,6635905895
689,Karen,Smith,washingtonerica@example.org,6635905895
690,Donald,Nguyen,erik40@example.net,6635905895
691,Daniel,Black,mwhite@example.com,6635905895
692,Michael,Kelley,rebeccasimon@example.com,6635905895
693,Melissa,Hunt,pmorse@example.com,6635905895
694,Dawn,Rios,josephvalentine@example.net,6635905895
695,Joshua,Rodgers,hollandamanda@example.net,6635905895
696,Laura,Miller,tclark@example.org,6635905895
697,Alan,Fernandez,craig66@example.org,6635905895
698,Elizabeth,Torres,abooker@example.net,6635905895
699,Laura,Perez,zcole@example.com,6635905895
700,Shaun,Mcmillan,kimberlywilliams@example.com,6635905895
701,Kenneth,Chen,bryan01@example.com,6635905895
702,Michael,Mora,fschwartz@example.org,6635905895
703,Kimberly,Burns,tdavis@example.com,6635905895
704,Thomas,Ross,morganjohnson@example.com,6635905895
705,Patrick,Mckinney,sarah22@example.org,6635905895
706,Rebecca,Barrett,esavage@example.net,6635905895
707,Christopher,Pacheco,zpoole@example.net,6635905895
708,Peggy,Martin,james22@example.net,6635905895
709,Denise,Scott,pierceamy@example.com,6635905895
710,Kirk,Bass,turnerjill@example.net,6635905895
711,Kaylee,Nichols,egrant@example.net,6635905895
712,Kayla,Lopez,jacksonrichard@example.com,6635905895
713,Taylor,Weaver,jamie91@example.com,6635905895
714,Joshua,Lewis,cynthiawu@example.net,6635905895
715,Brian,Rice,april77@example.net,6635905895
716,Carrie,Cross,johnrobertson@example.org,6635905895
717,Michelle,Phillips,daniellemiller@example.org,6635905895
718,Deborah,Young,pricerobert@example.org,6635905895
719,Veronica,Turner,troypeterson@example.net,6635905895
720,Carolyn,Russell,moorekevin@example.net,6635905895
721,Anthony,Brown,jamesreilly@example.com,6635905895
722,Crystal,Escobar,theresalee@example.net,6635905895
723,Kaylee,Baker,dsmith@example.org,6635905895
724,Karen,Ellison,patriciaphillips@example.net,6635905895
725,Philip,Schultz,stevenwilson@example.net,6635905895
726,Brittany,Phillips,brian03@example.net,6635905895
727,Shelia,Chambers,gregorysteele@example.org,6635905895
728,Elizabeth,Hawkins,sherrystanley@example.net,6635905895
729,Oscar,Mejia,olsonjustin@example.com,6635905895
730,Ryan,Perkins,johnstodd@example.com,6635905895
731,Gregory,Castro,gthompson@example.net,6635905895
732,Lisa,Mendoza,afarrell@example.org,6635905895
733,Kenneth,Carter,mariahkent@example.org,6635905895
734,Angela,Mitchell,masonmegan@example.com,6635905895
735,Victor,Cross,kayla47@example.org,6635905895
736,Margaret,Harris,julia62@example.com,6635905895
737,David,Berry,cbryant@example.org,6635905895
738,Mary,Hodges,vscott@example.net,6635905895
739,Patricia,Lloyd,tfarrell@example.org,6635905895
740,Molly,Scott,rachelscott@example.net,6635905895
741,Leroy,Hernandez,craigreed@example.org,6635905895
742,Laura,Bailey,hharrison@example.net,6635905895
743,Francisco,Anderson,justinmora@example.com,6635905895
744,Stacy,Gonzales,aaron52@example.org,6635905895
745,Craig,Gutierrez,kjenkins@example.com,6635905895
746,Julia,Tyler,kenneth62@example.net,6635905895
747,Sandra,Gutierrez,frederickmeadows@example.net,6635905895
748,Andrew,Frazier,tkaufman@example.net,6635905895
749,David,George,johnnygarcia@example.net,6635905895
750,Brian,Jones,marysmith@example.com,6635905895
751,Allison,Martinez,munozrobin@example.org,6635905895
752,Edward,Woodard,wruiz@example.net,6635905895
753,Zoe,Valdez,qklein@example.com,6635905895
754,Tony,Shepherd,kylemiller@example.net,6635905895
755,Amanda,Parker,amorris@example.net,6635905895
756,Kimberly,Keller,wilkinsheather@example.com,6635905895
757,Jennifer,Reilly,mjohnson@example.org,6635905895
758,Christine,Waller,fosterjoe@example.com,6635905895
759,Michael,Dixon,jkim@example.net,6635905895
760,James,Huff,ocline@example.org,6635905895
761,Scott,Pitts,nrogers@example.net,6635905895
762,Amy,Perez,michael35@example.net,6635905895
763,Kathleen,Reyes,richthomas@example.net,6635905895
764,Jillian,Perez,gcasey@example.com,6635905895
765,Monica,Perez,ytorres@example.org,6635905895
766,Elizabeth,Washington,ethanhunt@example.com,6635905895
767,Nicholas,Mcdonald,lwebb@example.com,6635905895
768,Edward,Garcia,hinesdawn@example.org,6635905895
769,Jeff,Medina,kristin85@example.com,6635905895
770,Eric,Turner,paulamccullough@example.org,6635905895
771,Anthony,Mcdonald,ucallahan@example.org,6635905895
772,Patrick,Alvarado,stephanie24@example.com,6635905895
773,Nichole,Richardson,matthewosborn@example.com,6635905895
774,Michelle,Hudson,hking@example.com,6635905895
775,Diana,Stokes,brandon22@example.com,6635905895
776,Justin,Bailey,daydonna@example.org,6635905895
777,Jose,Goodman,rfitzpatrick@example.com,6635905895
778,Lindsey,Barnett,karijuarez@example.net,6635905895
779,Curtis,Klein,roblesnicole@example.net,6635905895
780,Sandra,Turner,fullerjuan@example.net,6635905895
781,Christopher,Richardson,rebecca50@example.com,6635905895
782,Melissa,Smith,lwise@example.com,6635905895
783,Robert,Huang,velezkelly@example.net,6635905895
784,Maria,Church,fritzdavid@example.com,6635905895
785,Mary,Booth,mstark@example.com,6635905895
786,Robert,Kirby,vegalaura@example.net,6635905895
787,Rodney,Jordan,fguerrero@example.org,6635905895
788,Natasha,Dixon,velezthomas@example.net,6635905895
789,David,Ferguson,paul95@example.com,6635905895
790,April,Rodriguez,sanchezjonathan@example.net,6635905895
791,Ethan,Potter,carrcrystal@example.com,6635905895
792,Erica,Jackson,burtonraymond@example.org,6635905895
793,Carmen,Miller,haleycathy@example.net,6635905895
794,Tyler,Fields,hoffmanmarcus@example.net,6635905895
795,David,Parker,thompsonpreston@example.org,6635905895
796,Jacob,Campos,bsmith@example.net,6635905895
797,Alejandro,Gordon,elizabethhernandez@example.com,6635905895
798,Joseph,Medina,katherineandrews@example.net,6635905895
799,Thomas,Lee,jburke@example.com,6635905895
800,Sean,Lyons,cmoran@example.net,6635905895
801,Eric,Eaton,cochrandouglas@example.org,6635905895
802,Adam,Murillo,calderonkristina@example.org,6635905895
803,Christopher,Wang,brian89@example.net,6635905895
804,Jeffrey,Vasquez,steven77@example.org,6635905895
805,Jennifer,Lindsey,padillaanthony@example.net,6635905895
806,Shelley,Cook,ptaylor@example.org,6635905895
807,Joshua,Smith,bensonwilliam@example.org,6635905895
808,Jeffrey,Price,nathan37@example.com,6635905895
809,Heather,Armstrong,apaul@example.org,6635905895
810,Jordan,Berg,brittany31@example.com,6635905895
811,Bridget,May,stephen46@example.net,6635905895
812,Jennifer,Morrow,kelly70@example.com,6635905895
813,Matthew,Graham,srios@example.net,6635905895
814,Sara,Daniel,uparsons@example.org,6635905895
815,Kendra,Wilson,rstevenson@example.com,6635905895
816,Cristina,Gates,wlee@example.com,6635905895
817,Christopher,Henson,matthewgordon@example.net,6635905895
818,Michael,White,bishopjennifer@example.com,6635905895
819,David,Bowman,holmeslee@example.org,6635905895
820,Sean,Winters,yevans@example.com,6635905895
821,Matthew,Wheeler,brett63@example.com,6635905895
822,Donald,Simmons,emorris@example.org,6635905895
823,Maria,Sanchez,qhoward@example.org,6635905895
824,Jacob,Jones,perryshannon@example.org,6635905895
825,Heather,Smith,richard72@example.com,6635905895
826,Susan,Cameron,deborah25@example.com,6635905895
827,Brian,Webster,steven50@example.com,6635905895
828,Jason,Kent,dudleyantonio@example.net,6635905895
829,Wendy,Ramos,cwright@example.net,6635905895
830,Rodney,Madden,adamsstephen@example.com,6635905895
831,Adrienne,Lee,sarah40@example.com,6635905895
832,Mark,Moore,kimberly87@example.com,6635905895
833,Kelly,Becker,shorttyler@example.net,6635905895
834,Taylor,Pena,mcmillangregory@example.org,6635905895
835,Christopher,Wright,pinedajeanette@example.com,6635905895
836,Candice,Salinas,harrisjaime@example.org,6635905895
837,Peter,Hale,orodriguez@example.org,6635905895
838,Samantha,Horne,kellyronald@example.net,6635905895
839,Colin,Moss,matthew22@example.net,6635905895
840,Daniel,Cisneros,scottanita@example.net,6635905895
841,Robert,Johnson,rossbreanna@example.com,6635905895
842,Susan,Smith,fordsheri@example.net,6635905895
843,William,Bass,ryanmaldonado@example.com,6635905895
844,Michael,Johnson,aclarke@example.org,6635905895
845,John,Watson,frederick95@example.net,6635905895
846,Linda,Castro,sharon66@example.com,6635905895
847,Benjamin,Thornton,frich@example.org,6635905895
848,Casey,Reed,rjames@example.com,6635905895
849,Jenna,Marquez,vwagner@example.org,6635905895
850,Audrey,Taylor,kimberlyhahn@example.com,6635905895
851,Dawn,Flores,icooper@example.net,6635905895
852,Adam,Esparza,obrown@example.net,6635905895
853,David,Nelson,douglasmora@example.com,6635905895
854,Tyler,Le,sylvialopez@example.org,6635905895
855,Joyce,Garcia,david84@example.com,6635905895
856,John,Smith,stacy14@example.net,6635905895
857,Melanie,White,davidhodges@example.org,6635905895
858,Joshua,Richards,jacksonjacob@example.com,6635905895
859,Jose,Ward,cmack@example.com,6635905895
860,Jacob,Anderson,tayloramber@example.org,6635905895
861,Crystal,Wilson,parkerpollard@example.net,6635905895
862,Mary,Moore,pamelaball@example.org,6635905895
863,Anna,Schneider,adamadams@example.org,6635905895
864,Christine,Gibson,donnariggs@example.com,6635905895
865,Brenda,Anthony,greensamantha@example.org,6635905895
866,Randy,Lopez,ashleyjones@example.net,6635905895
867,Stephanie,Salinas,angela81@example.org,6635905895
868,Leslie,Stewart,sheppardjennifer@example.com,6635905895
869,Johnathan,Thompson,dwayne91@example.com,6635905895
870,Walter,Williams,moorepatricia@example.org,6635905895
871,Brooke,Flores,vpeters@example.org,6635905895
872,Michelle,Cole,walkeramber@example.org,6635905895
873,Evan,Edwards,christopherjones@example.com,6635905895
874,Erin,French,rperez@example.org,6635905895
875,Tyler,Turner,tashabass@example.net,6635905895
876,Timothy,Stout,philipnorris@example.com,6635905895
877,Zachary,Espinoza,knorton@example.net,6635905895
878,Tammy,Berry,stephanie62@example.org,6635905895
879,Margaret,Fox,robertrobinson@example.net,6635905895
880,Samantha,Mendoza,davidreeves@example.net,6635905895
881,Corey,Rivers,youngmichael@example.net,6635905895
882,Tiffany,Perez,jenkinschristopher@example.com,6635905895
883,Stephen,King,frobbins@example.com,6635905895
884,Christopher,Jones,jason66@example.org,6635905895
885,Sheila,Griffin,kimberlymiddleton@example.org,6635905895
886,Guy,Castro,williamsstephen@example.net,6635905895
887,Angel,Bauer,pwang@example.org,6635905895
888,Zachary,Becker,rowejennifer@example.net,6635905895
889,Daniel,Smith,valentinedawn@example.net,6635905895
890,Kenneth,Mendoza,colemanjames@example.com,6635905895
891,George,Harmon,julieolson@example.org,6635905895
892,David,Robinson,orozcochristopher@example.org,6635905895
893,Phillip,Stevens,randywashington@example.net,6635905895
894,Amanda,Hart,trujillobobby@example.org,6635905895
895,Bruce,Parsons,elizabeth47@example.net,6635905895
896,Heather,Newton,sharon03@example.org,6635905895
897,Lauren,Boyd,warnercynthia@example.org,6635905895
898,Jeremy,Cuevas,armstronganthony@example.net,6635905895
899,Curtis,Ruiz,tchristian@example.net,6635905895
900,Katherine,Anderson,dennis05@example.com,6635905895
901,David,Simon,ugalloway@example.org,6635905895
902,Erica,Banks,tarajackson@example.org,6635905895
903,Kenneth,Taylor,kstephens@example.org,6635905895
904,Rebecca,Jackson,nphillips@example.org,6635905895
905,Kimberly,Bailey,anthonybeck@example.net,6635905895
906,Cameron,Hughes,jesse40@example.org,6635905895
907,Steven,Mckinney,slara@example.com,6635905895
908,Stacy,Brown,maria86@example.org,6635905895
909,Theresa,Lynn,ginaherrera@example.com,6635905895
910,Samantha,Martin,wboyd@example.com,6635905895
911,Cassandra,James,karenwilson@example.org,6635905895
912,Patricia,Harris,christopher18@example.net,6635905895
913,Michelle,Francis,jenniferkelly@example.org,6635905895
914,Robert,Odom,wpope@example.org,6635905895
915,Tyler,Nielsen,dan87@example.com,6635905895
916,William,Warren,emilyrosales@example.org,6635905895
917,Theresa,Lewis,joseph18@example.net,6635905895
918,Samantha,Foster,michelle02@example.com,6635905895
919,Robert,Haley,angelajohnson@example.org,6635905895
920,Jacqueline,Campbell,mlarsen@example.org,6635905895
921,Juan,Tyler,lopezsusan@example.org,6635905895
922,Tammy,Mcdowell,davidrichmond@example.com,6635905895
923,Karen,Garrison,korr@example.com,6635905895
924,Marc,Holmes,ebowers@example.net,6635905895
925,Shannon,Barajas,murphychristopher@example.com,6635905895
926,Andrew,Powers,iking@example.net,6635905895
927,Alex,Parker,alison82@example.com,6635905895
928,Crystal,Hodge,wolfechristopher@example.net,6635905895
929,Thomas,Wall,cooperjason@example.net,6635905895
930,Jonathan,Paul,lisa19@example.org,6635905895
931,Samantha,Powell,boothcameron@example.org,6635905895
932,Kerri,Stark,phamanna@example.com,6635905895
933,Douglas,Gonzalez,rsmith@example.org,6635905895
934,April,Nguyen,imiddleton@example.com,6635905895
935,Lauren,Young,kevin47@example.net,6635905895
936,Morgan,James,parkerwarren@example.org,6635905895
937,Albert,Luna,vwilson@example.com,6635905895
938,Rebecca,Baker,tammyneal@example.org,6635905895
939,Sarah,Yoder,johnsonmelissa@example.org,6635905895
940,Jessica,Wu,shawn50@example.com,6635905895
941,Stephanie,Schroeder,benjamin84@example.com,6635905895
942,Robert,Taylor,chadwheeler@example.net,6635905895
943,Kelly,Miller,ihawkins@example.com,6635905895
944,Nicholas,Webb,ohammond@example.com,6635905895
945,Matthew,Hanson,leah53@example.org,6635905895
946,Mary,Black,samantha47@example.net,6635905895
947,Patricia,Norman,thompsonmichael@example.org,6635905895
948,Ronald,Warren,bauerandrew@example.org,6635905895
949,Timothy,Davis,rodriguezmaria@example.org,6635905895
950,Phillip,Thomas,tinapalmer@example.net,6635905895
951,Sydney,Mitchell,carlsoncheryl@example.net,6635905895
952,Donna,Thompson,owatts@example.com,6635905895
953,Sandra,Buckley,davismarissa@example.org,6635905895
954,Katherine,Logan,hernandezbradley@example.com,6635905895
955,Kristopher,Price,wheelerbenjamin@example.com,6635905895
956,John,Perry,johnsanders@example.com,6635905895
957,Joshua,Sanders,nancyhines@example.net,6635905895
958,Stephen,Macias,amydawson@example.org,6635905895
959,Rodney,Rice,jessica05@example.org,6635905895
960,Chase,Alexander,jeffery04@example.net,6635905895
961,Jason,Mcgrath,karla57@example.org,6635905895
962,Erik,Roberts,nathan40@example.org,6635905895
963,Jessica,Shea,brian29@example.org,6635905895
964,Bradley,Lee,lisabaker@example.com,6635905895
965,Stacy,Adams,nashley@example.com,6635905895
966,Jean,Perez,brittanywilliams@example.com,6635905895
967,Charles,Boyd,traceyclark@example.net,6635905895
968,Brenda,Dennis,perezronnie@example.com,6635905895
969,Lindsay,Murphy,hernandeznathaniel@example.com,6635905895
970,John,Short,andersongeorge@example.com,6635905895
971,April,Hardin,kgarcia@example.com,6635905895
972,Kristin,Mann,walexander@example.net,6635905895
973,Tina,Perez,bradley86@example.org,6635905895
974,Cassidy,Carroll,zpetersen@example.org,6635905895
975,Elizabeth,Wallace,jeffrey51@example.org,6635905895
976,Michael,Stewart,bennettraymond@example.org,6635905895
977,Lisa,Merritt,xwright@example.com,6635905895
978,Mary,Mathews,jessicakelly@example.org,6635905895
979,Kimberly,Robbins,joseharrison@example.com,6635905895
980,Dawn,Smith,hollymeyers@example.org,6635905895
981,Melissa,Simmons,raymond53@example.org,6635905895
982,Kim,Davis,erinvang@example.org,6635905895
983,Patricia,Hart,melaniehamilton@example.org,6635905895
984,Lauren,Lester,abraun@example.org,6635905895
985,Jennifer,Chan,barberdennis@example.net,6635905895
986,Jason,Brewer,katherinesalazar@example.org,6635905895
987,Alyssa,Thomas,smckenzie@example.net,6635905895
988,Caitlin,Lucas,brockdiana@example.net,6635905895
989,Jose,Pitts,browntara@example.org,6635905895
990,Tiffany,Estrada,evelynsmith@example.com,6635905895
991,Travis,Dunn,kcain@example.net,6635905895
992,Gary,Williams,zdavis@example.net,6635905895
993,Jared,Hammond,hinesmakayla@example.org,6635905895
994,Patrick,Medina,kleinangela@example.com,6635905895
995,Joshua,Black,kimberly46@example.com,6635905895
996,Roy,Jackson,jwang@example.org,6635905895
997,Alyssa,Adams,tlee@example.com,6635905895
998,Deborah,Crawford,bethanybrown@example.com,6635905895
999,Desiree,Jones,mstewart@example.com,6635905895
1000,Miranda,Gray,davisscott@example.com,6635905895
